INSERT INTO "public"."bike" (id,is_checked,date_revision,status) VALUES (1,true,{d '2017-08-15'},true);
INSERT INTO "public"."bike" (id,is_checked,date_revision,status) VALUES (2,true,{d '2017-08-10'},true);
INSERT INTO "public"."bike" (id,is_checked,date_revision,status) VALUES (3,true,{d '2017-08-10'},true);
INSERT INTO "public"."bike" (id,is_checked,date_revision,status) VALUES (4,true,{d '2017-08-10'},true);
INSERT INTO "public"."bike" (id,is_checked,date_revision,status) VALUES (5,true,{d '2017-08-10'},true);
INSERT INTO "public"."bike" (id,is_checked,date_revision,status) VALUES (6,true,{d '2017-08-10'},true);
INSERT INTO "public"."bike" (id,is_checked,date_revision,status) VALUES (7,true,{d '2017-08-10'},true);
INSERT INTO "public"."bike" (id,is_checked,date_revision,status) VALUES (8,true,{d '2017-08-10'},true);
INSERT INTO "public"."bike" (id,is_checked,date_revision,status) VALUES (9,true,{d '2017-08-10'},true);
INSERT INTO "public"."bike" (id,is_checked,date_revision,status) VALUES (10,true,{d '2017-08-10'},true);
INSERT INTO "public"."bike" (id,is_checked,date_revision,status) VALUES (11,true,{d '2017-08-10'},true);
INSERT INTO "public"."bike" (id,is_checked,date_revision,status) VALUES (12,true,{d '2017-08-10'},true);
INSERT INTO "public"."bike" (id,is_checked,date_revision,status) VALUES (13,true,{d '2017-08-10'},true);
INSERT INTO "public"."bike" (id,is_checked,date_revision,status) VALUES (14,true,{d '2017-08-10'},true);
INSERT INTO "public"."bike" (id,is_checked,date_revision,status) VALUES (15,true,{d '1999-08-15'},true);
INSERT INTO "public"."bike" (id,is_checked,date_revision,status) VALUES (16,true,{d '2017-08-15'},true);


INSERT INTO "public"."category" (id,name) VALUES (1,'plats');
INSERT INTO "public"."category" (id,name) VALUES (2,'desserts');


INSERT INTO "public"."product" (id,name,date_product,quantity,price,category_id) VALUES (1,'tajines',{d '2017-09-04'},16,12.5,1);
INSERT INTO "public"."product" (id,name,date_product,quantity,price,category_id) VALUES (2,'poulet basquaise',{d '2017-09-04'},16,14.5,1);
INSERT INTO "public"."product" (id,name,date_product,quantity,price,category_id) VALUES (3,'moelleux au chocolat',{d '2017-09-04'},16,7.5,2);
INSERT INTO "public"."product" (id,name,date_product,quantity,price,category_id) VALUES (4,'tarte aux pommes',{d '2017-09-04'},16,7.5,2);
INSERT INTO "public"."product" (id,name,date_product,quantity,price,category_id) VALUES (5,'rôti de porc',{d '2017-09-03'},16,12.5,1);
INSERT INTO "public"."product" (id,name,date_product,quantity,price,category_id) VALUES (6,'côte de boeuf',{d '2017-09-03'},16,12.5,1);
INSERT INTO "public"."product" (id,name,date_product,quantity,price,category_id) VALUES (7,'tarte aux abricots',{d '2017-09-03'},16,8.5,2);
INSERT INTO "public"."product" (id,name,date_product,quantity,price,category_id) VALUES (8,'panacotta aux fraises',{d '2017-09-03'},16,8.5,2);
INSERT INTO "public"."product" (id,name,date_product,quantity,price,category_id) VALUES (9,'filet mignon aux agrumes',{d '2017-09-02'},16,13.5,1);
INSERT INTO "public"."product" (id,name,date_product,quantity,price,category_id) VALUES (10,'salade de boeuf thaï',{d '2017-09-02'},16,12.5,1);
INSERT INTO "public"."product" (id,name,date_product,quantity,price,category_id) VALUES (11,'mangue verte',{d '2017-09-02'},16,8.5,2);
INSERT INTO "public"."product" (id,name,date_product,quantity,price,category_id) VALUES (12,'litchees',{d '2017-09-02'},16,7.5,2);
INSERT INTO "public"."product" (id,name,date_product,quantity,price,category_id) VALUES (13,'pâtes bolognaises',{d '2017-09-05'},30,12.5,1);
INSERT INTO "public"."product" (id,name,date_product,quantity,price,category_id) VALUES (14,'truffade',{d '2017-09-05'},34,13.5,1);
INSERT INTO "public"."product" (id,name,date_product,quantity,price,category_id) VALUES (15,'crême brûlée',{d '2017-09-05'},34,7.5,2);
INSERT INTO "public"."product" (id,name,date_product,quantity,price,category_id) VALUES (16,'tiramisu',{d '2017-09-05'},34,8.5,2);
INSERT INTO "public"."product" (id,name,date_product,quantity,price,category_id) VALUES (17,'fajitas',{d '2017-09-06'},8,12.5,1);
INSERT INTO "public"."product" (id,name,date_product,quantity,price,category_id) VALUES (18,'daurade rôtie',{d '2017-09-06'},10,15.5,1);
INSERT INTO "public"."product" (id,name,date_product,quantity,price,category_id) VALUES (19,'tarte aux abricots',{d '2017-09-06'},10,7.5,2);
INSERT INTO "public"."product" (id,name,date_product,quantity,price,category_id) VALUES (20,'cerises',{d '2017-09-06'},10,5.5,2);
INSERT INTO "public"."product" (id,name,date_product,quantity,price,category_id) VALUES (21,'osso bucco',{d '2017-09-07'},8,14.5,1);
INSERT INTO "public"."product" (id,name,date_product,quantity,price,category_id) VALUES (22,'salade cesar',{d '2017-09-07'},10,15.5,1);
INSERT INTO "public"."product" (id,name,date_product,quantity,price,category_id) VALUES (23,'pêche melba',{d '2017-09-07'},10,7.5,2);
INSERT INTO "public"."product" (id,name,date_product,quantity,price,category_id) VALUES (24,'clafoutis',{d '2017-09-07'},10,8.5,2);
INSERT INTO "public"."product" (id,name,date_product,quantity,price,category_id) VALUES (26,'moelleux au chocolat',{d '2017-09-11'},100,7.5,2);
INSERT INTO "public"."product" (id,name,date_product,quantity,price,category_id) VALUES (27,'tarte aux pêches',{d '2017-09-11'},103,8.5,2);
INSERT INTO "public"."product" (id,name,date_product,quantity,price,category_id) VALUES (28,'aligot',{d '2017-09-11'},99,8.5,1);
INSERT INTO "public"."product" (id,name,date_product,quantity,price,category_id) VALUES (29,'moussaka',{d '2017-09-11'},106,8.5,1);
INSERT INTO "public"."product" (id,name,date_product,quantity,price,category_id) VALUES (30,'brochettes de poulet',{d '2017-09-12'},20,11.5,1);
INSERT INTO "public"."product" (id,name,date_product,quantity,price,category_id) VALUES (31,'salade de pommes de terre',{d '2017-09-12'},20,10.5,1);
INSERT INTO "public"."product" (id,name,date_product,quantity,price,category_id) VALUES (32,'gâteau au yaourt',{d '2017-09-12'},20,6.5,2);
INSERT INTO "public"."product" (id,name,date_product,quantity,price,category_id) VALUES (33,'gâteau aux pommes',{d '2017-09-12'},20,8.5,2);
INSERT INTO "public"."product" (id,name,date_product,quantity,price,category_id) VALUES (34,'risotto aux champignons',{d '2017-09-13'},20,12.5,1);
INSERT INTO "public"."product" (id,name,date_product,quantity,price,category_id) VALUES (35,'saumon teriyaki',{d '2017-09-13'},20,14.5,1);
INSERT INTO "public"."product" (id,name,date_product,quantity,price,category_id) VALUES (36,'meringue',{d '2017-09-13'},20,8,2);
INSERT INTO "public"."product" (id,name,date_product,quantity,price,category_id) VALUES (37,'pancakes',{d '2017-09-13'},20,7.5,2);
INSERT INTO "public"."product" (id,name,date_product,quantity,price,category_id) VALUES (38,'poulet au curry',{d '2017-09-14'},20,14.5,1);
INSERT INTO "public"."product" (id,name,date_product,quantity,price,category_id) VALUES (39,'hamburger',{d '2017-09-14'},20,12.5,1);
INSERT INTO "public"."product" (id,name,date_product,quantity,price,category_id) VALUES (40,'chouquettes',{d '2017-09-14'},20,8.5,2);
INSERT INTO "public"."product" (id,name,date_product,quantity,price,category_id) VALUES (41,'mousse au chocolat',{d '2017-09-14'},20,7.5,2);
INSERT INTO "public"."product" (id,name,date_product,quantity,price,category_id) VALUES (42,'gâteau au chocolat',{d '2017-09-28'},12,8.5,2);
INSERT INTO "public"."product" (id,name,date_product,quantity,price,category_id) VALUES (43,'tarte tatin',{d '2017-09-28'},12,7.5,2);
INSERT INTO "public"."product" (id,name,date_product,quantity,price,category_id) VALUES (44,'escalope de veau',{d '2017-09-28'},12,12.5,1);
INSERT INTO "public"."product" (id,name,date_product,quantity,price,category_id) VALUES (45,'jambalaya',{d '2017-09-28'},12,12.5,1);


INSERT INTO "public"."customer" (id,firstname,lastname,login,password) VALUES (1,'jean','michel','jeanmi','test1');
INSERT INTO "public"."customer" (id,firstname,lastname,login,password) VALUES (2,'xavier','durand','xav','test2');
INSERT INTO "public"."customer" (id,firstname,lastname,login,password) VALUES (3,'patrice','benssoussan','patou','test3');
INSERT INTO "public"."customer" (id,firstname,lastname,login,password) VALUES (4,'aurélie','lacaze','aurlac','test4');
INSERT INTO "public"."customer" (id,firstname,lastname,login,password) VALUES (5,'stéphanie','zidane','zizou','test5');
INSERT INTO "public"."customer" (id,firstname,lastname,login,password) VALUES (6,'patrick','declermont','patdecler','test47');
INSERT INTO "public"."customer" (id,firstname,lastname,login,password) VALUES (7,'james','bond','jb','007');
INSERT INTO "public"."customer" (id,firstname,lastname,login,password) VALUES (9,'jeanne','moreau','jeannemoreau','cetaitmieuxavant');
INSERT INTO "public"."customer" (id,firstname,lastname,login,password) VALUES (10,'xjeanne','xmoreau','xjeannemoreau','xcetaitmieuxavant');
INSERT INTO "public"."customer" (id,firstname,lastname,login,password) VALUES (11,'john','rambo','jr','war');
INSERT INTO "public"."customer" (id,firstname,lastname,login,password) VALUES (12,'le','Chef','chef','boss');


INSERT INTO "public"."adress" (id,customer_id,numero,street,adress_code,city,building,floor,door,digicode,phone1,phone2,email,position) VALUES (1,1,'15','rue des champs',75001,'paris',null,5,null,'15a15',665046468,null,'jeanmichel@yahoo.fr',4);
INSERT INTO "public"."adress" (id,customer_id,numero,street,adress_code,city,building,floor,door,digicode,phone1,phone2,email,position) VALUES (2,2,'85','rue saint maur',75011,'paris',null,2,null,'15b72',665046468,null,'xavierdurand@free.fr',65);
INSERT INTO "public"."adress" (id,customer_id,numero,street,adress_code,city,building,floor,door,digicode,phone1,phone2,email,position) VALUES (3,3,'54','boulevard saint michel',75005,'paris',null,9,null,'1312',665046468,null,'patricebenssoussan@orange.fr',125);
INSERT INTO "public"."adress" (id,customer_id,numero,street,adress_code,city,building,floor,door,digicode,phone1,phone2,email,position) VALUES (4,4,'1 ter','rue piat',75020,'paris',null,2,null,'',665046468,null,'aurelielacaze@gmail.com',79);
INSERT INTO "public"."adress" (id,customer_id,numero,street,adress_code,city,building,floor,door,digicode,phone1,phone2,email,position) VALUES (5,5,'62','avenue des champs élysées',75008,'paris',null,6,null,'1515',665046468,null,'stephaniezidane@gmail.com',25);
INSERT INTO "public"."adress" (id,customer_id,numero,street,adress_code,city,building,floor,door,digicode,phone1,phone2,email,position) VALUES (6,5,'52','boulevard des italiens',75009,'paris',null,6,null,'1515',665046468,null,'stephaniezidane@gmail.com',98);
INSERT INTO "public"."adress" (id,customer_id,numero,street,adress_code,city,building,floor,door,digicode,phone1,phone2,email,position) VALUES (7,6,'85','rue adam',75020,'paris',null,5,null,'78F54',665046468,null,'patrickdeclermont@gmail.com',5);
INSERT INTO "public"."adress" (id,customer_id,numero,street,adress_code,city,building,floor,door,digicode,phone1,phone2,email,position) VALUES (8,7,'7','rue seven',75007,'paris',null,7,null,'7777',665046468,null,'jamesbond@mi6.uk',77);
INSERT INTO "public"."adress" (id,customer_id,numero,street,adress_code,city,building,floor,door,digicode,phone1,phone2,email,position) VALUES (9,9,'9','rue des beaux arts',75002,'paris',null,4,null,'A1532',665046468,null,'jeannemo@live.com',92);
INSERT INTO "public"."adress" (id,customer_id,numero,street,adress_code,city,building,floor,door,digicode,phone1,phone2,email,position) VALUES (10,10,'9','rue des beaux arts',75002,'paris',null,4,null,'A1532',665046468,null,'jeannemo@live.com',85);
INSERT INTO "public"."adress" (id,customer_id,numero,street,adress_code,city,building,floor,door,digicode,phone1,phone2,email,position) VALUES (11,11,'52','rue de la paix',75008,'paris',null,2,null,null,665046468,null,'johnrambo@vietnam.vn',2);
INSERT INTO "public"."adress" (id,customer_id,numero,street,adress_code,city,building,floor,door,digicode,phone1,phone2,email,position) VALUES (12,12,'1','rue notre-dame',75001,'paris',null,0,null,null,665046468,null,'info@expressfood.fr',75);


INSERT INTO "public"."delivery_man" (ss_number,firstname,lastname,status,position,bike_id) VALUES (100,'pierre','dupond','free',25,2);
INSERT INTO "public"."delivery_man" (ss_number,firstname,lastname,status,position,bike_id) VALUES (245,'Jane','Manzoni','free',25,3);
INSERT INTO "public"."delivery_man" (ss_number,firstname,lastname,status,position,bike_id) VALUES (1001,'juan','alves','free',4,15);
INSERT INTO "public"."delivery_man" (ss_number,firstname,lastname,status,position,bike_id) VALUES (1011,'mike','johns','free',77,15);


INSERT INTO "public"."delivery_bag" (product_id,delivery_man_ss_number,quantity) VALUES (42,245,2);
INSERT INTO "public"."delivery_bag" (product_id,delivery_man_ss_number,quantity) VALUES (42,100,4);
INSERT INTO "public"."delivery_bag" (product_id,delivery_man_ss_number,quantity) VALUES (43,245,4);
INSERT INTO "public"."delivery_bag" (product_id,delivery_man_ss_number,quantity) VALUES (43,100,4);
INSERT INTO "public"."delivery_bag" (product_id,delivery_man_ss_number,quantity) VALUES (44,245,1);
INSERT INTO "public"."delivery_bag" (product_id,delivery_man_ss_number,quantity) VALUES (44,100,4);
INSERT INTO "public"."delivery_bag" (product_id,delivery_man_ss_number,quantity) VALUES (45,100,4);
INSERT INTO "public"."delivery_bag" (product_id,delivery_man_ss_number,quantity) VALUES (45,245,4);


INSERT INTO "public"."order_book" (id,date_order,status,total_price,time_start,time_end,customer_id,adress_id) VALUES (3,{d '2017-09-11'},'done',32.0,{ts '2017-09-11 15:00:00.0'},{ts '2017-09-11 15:14:27.175'},1,1);
INSERT INTO "public"."order_book" (id,date_order,status,total_price,time_start,time_end,customer_id,adress_id) VALUES (4,{d '2017-09-11'},'done',42.5,{ts '2017-09-11 11:04:00.0'},{ts '2017-09-11 11:22:26.262'},2,2);
INSERT INTO "public"."order_book" (id,date_order,status,total_price,time_start,time_end,customer_id,adress_id) VALUES (5,{d '2017-09-11'},'done',22.5,{ts '2017-09-11 15:00:00.100'},{ts '2017-09-11 15:25:49.457'},1,1);
INSERT INTO "public"."order_book" (id,date_order,status,total_price,time_start,time_end,customer_id,adress_id) VALUES (6,{d '2017-09-11'},'done',25.5,{ts '2017-09-11 15:00:00.200'},{ts '2017-09-11 15:26:32.845'},3,3);
INSERT INTO "public"."order_book" (id,date_order,status,total_price,time_start,time_end,customer_id,adress_id) VALUES (7,{d '2017-09-11'},'done',25.5,{ts '2017-09-11 15:00:00.300'},{ts '2017-09-11 15:16:54.861'},4,4);
INSERT INTO "public"."order_book" (id,date_order,status,total_price,time_start,time_end,customer_id,adress_id) VALUES (8,{d '2017-09-11'},'done',34.0,{ts '2017-09-11 15:00:00.400'},{ts '2017-09-11 15:07:18.208'},5,6);
INSERT INTO "public"."order_book" (id,date_order,status,total_price,time_start,time_end,customer_id,adress_id) VALUES (9,{d '2017-09-11'},'done',32.0,{ts '2017-09-11 15:00:00.500'},{ts '2017-09-11 15:18:48.697'},7,8);
INSERT INTO "public"."order_book" (id,date_order,status,total_price,time_start,time_end,customer_id,adress_id) VALUES (10,{d '2017-09-11'},'done',24.5,{ts '2017-09-11 15:00:00.600'},{ts '2017-09-11 15:51:09.862'},9,9);
INSERT INTO "public"."order_book" (id,date_order,status,total_price,time_start,time_end,customer_id,adress_id) VALUES (11,{d '2017-09-12'},'done',29.5,{ts '2017-09-12 15:00:00.0'},{ts '2017-09-12 15:15:00.0'},1,1);
INSERT INTO "public"."order_book" (id,date_order,status,total_price,time_start,time_end,customer_id,adress_id) VALUES (12,{d '2017-09-12'},'done',38.0,{ts '2017-09-12 15:00:00.0'},{ts '2017-09-12 15:21:00.0'},3,3);
INSERT INTO "public"."order_book" (id,date_order,status,total_price,time_start,time_end,customer_id,adress_id) VALUES (13,{d '2017-09-12'},'done',24.5,{ts '2017-09-12 15:00:00.0'},{ts '2017-09-12 15:07:00.0'},5,5);
INSERT INTO "public"."order_book" (id,date_order,status,total_price,time_start,time_end,customer_id,adress_id) VALUES (14,{d '2017-09-12'},'done',37.0,{ts '2017-09-12 15:00:00.0'},{ts '2017-09-12 15:11:00.0'},7,8);
INSERT INTO "public"."order_book" (id,date_order,status,total_price,time_start,time_end,customer_id,adress_id) VALUES (15,{d '2017-09-12'},'done',41.0,{ts '2017-09-12 15:00:00.0'},{ts '2017-09-12 15:17:00.0'},10,10);
INSERT INTO "public"."order_book" (id,date_order,status,total_price,time_start,time_end,customer_id,adress_id) VALUES (16,{d '2017-09-13'},'done',42.0,{ts '2017-09-13 15:00:00.0'},{ts '2017-09-13 15:13:00.0'},6,6);
INSERT INTO "public"."order_book" (id,date_order,status,total_price,time_start,time_end,customer_id,adress_id) VALUES (17,{d '2017-09-13'},'done',40.0,{ts '2017-09-13 15:00:00.0'},{ts '2017-09-13 15:18:00.0'},2,2);
INSERT INTO "public"."order_book" (id,date_order,status,total_price,time_start,time_end,customer_id,adress_id) VALUES (18,{d '2017-09-13'},'done',41.0,{ts '2017-09-13 15:00:00.0'},{ts '2017-09-13 15:24:00.0'},9,9);
INSERT INTO "public"."order_book" (id,date_order,status,total_price,time_start,time_end,customer_id,adress_id) VALUES (19,{d '2017-09-13'},'done',41.5,{ts '2017-09-13 15:00:00.0'},{ts '2017-09-13 15:13:00.0'},11,11);
INSERT INTO "public"."order_book" (id,date_order,status,total_price,time_start,time_end,customer_id,adress_id) VALUES (20,{d '2017-09-14'},'done',43.0,{ts '2017-09-14 15:00:00.0'},{ts '2017-09-14 15:08:00.0'},2,2);
INSERT INTO "public"."order_book" (id,date_order,status,total_price,time_start,time_end,customer_id,adress_id) VALUES (21,{d '2017-09-14'},'done',40.0,{ts '2017-09-14 15:00:00.0'},{ts '2017-09-14 15:16:00.0'},1,1);
INSERT INTO "public"."order_book" (id,date_order,status,total_price,time_start,time_end,customer_id,adress_id) VALUES (22,{d '2017-09-14'},'done',49.5,{ts '2017-09-14 15:00:00.0'},{ts '2017-09-14 15:14:00.0'},5,6);
INSERT INTO "public"."order_book" (id,date_order,status,total_price,time_start,time_end,customer_id,adress_id) VALUES (23,{d '2017-09-14'},'done',42.0,{ts '2017-09-14 15:00:00.0'},{ts '2017-09-14 15:28:00.0'},7,8);
INSERT INTO "public"."order_book" (id,date_order,status,total_price,time_start,time_end,customer_id,adress_id) VALUES (24,{d '2017-09-14'},'done',49.0,{ts '2017-09-14 15:00:00.0'},{ts '2017-09-14 15:12:00.0'},11,11);
INSERT INTO "public"."order_book" (id,date_order,status,total_price,time_start,time_end,customer_id,adress_id) VALUES (25,{d '2017-09-13'},'done',37.0,{ts '2017-09-13 15:00:00.0'},{ts '2017-09-13 15:08:00.0'},12,12);
INSERT INTO "public"."order_book" (id,date_order,status,total_price,time_start,time_end,customer_id,adress_id) VALUES (26,{d '2017-09-28'},'done',54.5,{ts '2017-09-11 10:05:00.0'},{ts '2017-09-28 10:11:09.417'},5,6);


INSERT INTO "public"."order_content" (product_id,order_book_id,quantity) VALUES (26,10,1);
INSERT INTO "public"."order_content" (product_id,order_book_id,quantity) VALUES (26,3,2);
INSERT INTO "public"."order_content" (product_id,order_book_id,quantity) VALUES (26,9,2);
INSERT INTO "public"."order_content" (product_id,order_book_id,quantity) VALUES (26,5,3);
INSERT INTO "public"."order_content" (product_id,order_book_id,quantity) VALUES (27,9,2);
INSERT INTO "public"."order_content" (product_id,order_book_id,quantity) VALUES (27,6,3);
INSERT INTO "public"."order_content" (product_id,order_book_id,quantity) VALUES (27,4,2);
INSERT INTO "public"."order_content" (product_id,order_book_id,quantity) VALUES (28,10,2);
INSERT INTO "public"."order_content" (product_id,order_book_id,quantity) VALUES (28,3,2);
INSERT INTO "public"."order_content" (product_id,order_book_id,quantity) VALUES (28,4,3);
INSERT INTO "public"."order_content" (product_id,order_book_id,quantity) VALUES (28,7,3);
INSERT INTO "public"."order_content" (product_id,order_book_id,quantity) VALUES (28,8,2);
INSERT INTO "public"."order_content" (product_id,order_book_id,quantity) VALUES (29,8,2);
INSERT INTO "public"."order_content" (product_id,order_book_id,quantity) VALUES (30,15,1);
INSERT INTO "public"."order_content" (product_id,order_book_id,quantity) VALUES (30,11,2);
INSERT INTO "public"."order_content" (product_id,order_book_id,quantity) VALUES (30,13,1);
INSERT INTO "public"."order_content" (product_id,order_book_id,quantity) VALUES (30,14,1);
INSERT INTO "public"."order_content" (product_id,order_book_id,quantity) VALUES (31,14,1);
INSERT INTO "public"."order_content" (product_id,order_book_id,quantity) VALUES (31,15,2);
INSERT INTO "public"."order_content" (product_id,order_book_id,quantity) VALUES (31,12,2);
INSERT INTO "public"."order_content" (product_id,order_book_id,quantity) VALUES (32,13,2);
INSERT INTO "public"."order_content" (product_id,order_book_id,quantity) VALUES (32,11,1);
INSERT INTO "public"."order_content" (product_id,order_book_id,quantity) VALUES (32,14,1);
INSERT INTO "public"."order_content" (product_id,order_book_id,quantity) VALUES (33,15,1);
INSERT INTO "public"."order_content" (product_id,order_book_id,quantity) VALUES (33,14,1);
INSERT INTO "public"."order_content" (product_id,order_book_id,quantity) VALUES (33,12,2);
INSERT INTO "public"."order_content" (product_id,order_book_id,quantity) VALUES (34,16,1);
INSERT INTO "public"."order_content" (product_id,order_book_id,quantity) VALUES (34,17,2);
INSERT INTO "public"."order_content" (product_id,order_book_id,quantity) VALUES (34,18,2);
INSERT INTO "public"."order_content" (product_id,order_book_id,quantity) VALUES (34,19,1);
INSERT INTO "public"."order_content" (product_id,order_book_id,quantity) VALUES (35,25,2);
INSERT INTO "public"."order_content" (product_id,order_book_id,quantity) VALUES (35,16,1);
INSERT INTO "public"."order_content" (product_id,order_book_id,quantity) VALUES (35,19,2);
INSERT INTO "public"."order_content" (product_id,order_book_id,quantity) VALUES (36,25,1);
INSERT INTO "public"."order_content" (product_id,order_book_id,quantity) VALUES (36,18,2);
INSERT INTO "public"."order_content" (product_id,order_book_id,quantity) VALUES (37,16,2);
INSERT INTO "public"."order_content" (product_id,order_book_id,quantity) VALUES (37,17,2);
INSERT INTO "public"."order_content" (product_id,order_book_id,quantity) VALUES (38,20,1);
INSERT INTO "public"."order_content" (product_id,order_book_id,quantity) VALUES (38,24,2);
INSERT INTO "public"."order_content" (product_id,order_book_id,quantity) VALUES (39,23,2);
INSERT INTO "public"."order_content" (product_id,order_book_id,quantity) VALUES (39,24,1);
INSERT INTO "public"."order_content" (product_id,order_book_id,quantity) VALUES (39,20,1);
INSERT INTO "public"."order_content" (product_id,order_book_id,quantity) VALUES (39,21,2);
INSERT INTO "public"."order_content" (product_id,order_book_id,quantity) VALUES (39,22,2);
INSERT INTO "public"."order_content" (product_id,order_book_id,quantity) VALUES (40,22,2);
INSERT INTO "public"."order_content" (product_id,order_book_id,quantity) VALUES (40,20,1);
INSERT INTO "public"."order_content" (product_id,order_book_id,quantity) VALUES (40,23,2);
INSERT INTO "public"."order_content" (product_id,order_book_id,quantity) VALUES (41,21,2);
INSERT INTO "public"."order_content" (product_id,order_book_id,quantity) VALUES (41,20,1);
INSERT INTO "public"."order_content" (product_id,order_book_id,quantity) VALUES (41,24,1);
INSERT INTO "public"."order_content" (product_id,order_book_id,quantity) VALUES (41,22,1);
INSERT INTO "public"."order_content" (product_id,order_book_id,quantity) VALUES (42,26,2);
INSERT INTO "public"."order_content" (product_id,order_book_id,quantity) VALUES (44,26,3);


INSERT INTO "public"."order_ok" (order_book_id,ss_number) VALUES (3,100);
INSERT INTO "public"."order_ok" (order_book_id,ss_number) VALUES (4,100);
INSERT INTO "public"."order_ok" (order_book_id,ss_number) VALUES (5,1001);
INSERT INTO "public"."order_ok" (order_book_id,ss_number) VALUES (6,245);
INSERT INTO "public"."order_ok" (order_book_id,ss_number) VALUES (7,1011);
INSERT INTO "public"."order_ok" (order_book_id,ss_number) VALUES (8,100);
INSERT INTO "public"."order_ok" (order_book_id,ss_number) VALUES (9,1011);
INSERT INTO "public"."order_ok" (order_book_id,ss_number) VALUES (10,245);
INSERT INTO "public"."order_ok" (order_book_id,ss_number) VALUES (11,1001);
INSERT INTO "public"."order_ok" (order_book_id,ss_number) VALUES (12,100);
INSERT INTO "public"."order_ok" (order_book_id,ss_number) VALUES (13,1011);
INSERT INTO "public"."order_ok" (order_book_id,ss_number) VALUES (14,245);
INSERT INTO "public"."order_ok" (order_book_id,ss_number) VALUES (15,100);
INSERT INTO "public"."order_ok" (order_book_id,ss_number) VALUES (16,1001);
INSERT INTO "public"."order_ok" (order_book_id,ss_number) VALUES (17,100);
INSERT INTO "public"."order_ok" (order_book_id,ss_number) VALUES (18,1011);
INSERT INTO "public"."order_ok" (order_book_id,ss_number) VALUES (19,245);
INSERT INTO "public"."order_ok" (order_book_id,ss_number) VALUES (20,1001);
INSERT INTO "public"."order_ok" (order_book_id,ss_number) VALUES (21,100);
INSERT INTO "public"."order_ok" (order_book_id,ss_number) VALUES (22,1011);
INSERT INTO "public"."order_ok" (order_book_id,ss_number) VALUES (23,245);
INSERT INTO "public"."order_ok" (order_book_id,ss_number) VALUES (24,100);
INSERT INTO "public"."order_ok" (order_book_id,ss_number) VALUES (25,1011);
INSERT INTO "public"."order_ok" (order_book_id,ss_number) VALUES (26,245);



